channel_name,2019average,2020average
bgfilms,2.0326563631171086,2.000908357388021
