channel_name,2019average,2020average
chloesaddiction,2.0029281199965454,2.0050131609842725
