channel_name,2019average,2020average
fitnessblender,2.003630384005495,2.0003333350400148
